longitude,latitude,timestamp,sog,tws,twd,heading,allure,hypernet,net,inline,ctd_keel,ctd_profile,ctd_intercomp,station_hyp
-5.357496666666666,36.16027999999999,2026-08-08T05:23:40Z,0.1,3.7,306.0,59.0,broad reach,OFF,OFF,OFF,OFF,OFF,OFF,OFF
-5.357473333333333,36.16006,2026-08-08T05:32:31Z,2.0,3.9,285.6,245.7,close-hauled,OFF,OFF,OFF,OFF,OFF,OFF,OFF
-5.359336666666667,36.15936333333333,2026-08-08T05:34:43Z,3.0,4.0,300.6,242.3,close-hauled,OFF,OFF,OFF,OFF,OFF,OFF,OFF
-5.361263333333333,36.15882,2026-08-08T05:36:40Z,3.3,4.6,311.7,259.6,close-hauled,OFF,OFF,OFF,OFF,OFF,OFF,OFF
-5.363271666666666,36.159083333333335,2026-08-08T05:38:17Z,4.0,3.9,309.8,283.3,close-hauled,OFF,OFF,OFF,OFF,OFF,OFF,OFF
-5.365279999999999,36.15943166666667,2026-08-08T05:39:52Z,4.0,3.0,321.8,281.7,close-hauled,OFF,OFF,OFF,OFF,OFF,OFF,OFF
-5.367285,36.15920166666667,2026-08-08T05:41:21Z,4.2,3.2,328.1,248.4,close-hauled,OFF,OFF,OFF,OFF,OFF,OFF,OFF
-5.368613333333333,36.15808166666667,2026-08-08T05:42:55Z,3.9,3.0,343.6,188.1,run,OFF,OFF,OFF,OFF,OFF,OFF,OFF
-5.368998333333334,36.15645166666666,2026-08-08T05:44:25Z,4.2,3.1,344.0,185.0,run,OFF,OFF,OFF,OFF,OFF,OFF,OFF
-5.369443333333334,36.154831666666674,2026-08-08T05:45:54Z,3.8,3.4,353.1,186.4,run,OFF,OFF,OFF,OFF,OFF,OFF,OFF
-5.3697,36.153191666666665,2026-08-08T05:47:36Z,3.2,4.9,356.7,176.5,run,OFF,OFF,OFF,OFF,OFF,OFF,OFF
-5.369656666666667,36.15155,2026-08-08T05:49:23Z,3.4,4.5,8.1,189.8,run,OFF,OFF,OFF,OFF,OFF,OFF,OFF
-5.369571666666667,36.14990833333333,2026-08-08T05:51:07Z,3.8,4.9,355.8,182.3,run,OFF,OFF,OFF,OFF,OFF,OFF,OFF
-5.369469999999999,36.14826,2026-08-08T05:52:39Z,4.2,5.8,333.4,182.9,broad reach,OFF,OFF,OFF,OFF,OFF,OFF,OFF
-5.3694766666666665,36.14660166666667,2026-08-08T05:54:06Z,4.2,5.9,340.6,186.6,run,OFF,OFF,OFF,OFF,OFF,OFF,OFF
-5.369423333333333,36.144951666666664,2026-08-08T05:55:31Z,4.2,3.6,20.0,170.3,run,OFF,OFF,OFF,OFF,OFF,OFF,OFF
-5.369053333333333,36.143328333333336,2026-08-08T05:56:55Z,4.1,2.3,16.8,185.0,broad reach,OFF,OFF,OFF,OFF,OFF,OFF,OFF
-5.369276666666667,36.14167833333333,2026-08-08T05:58:19Z,4.2,1.7,353.3,179.0,broad reach,OFF,OFF,OFF,OFF,OFF,OFF,OFF
-5.369033333333334,36.14004833333333,2026-08-08T05:59:43Z,4.4,3.4,306.2,171.1,broad reach,OFF,OFF,OFF,OFF,OFF,OFF,OFF
-5.36881,36.138394999999996,2026-08-08T06:01:08Z,4.3,3.2,309.0,164.3,broad reach,OFF,OFF,OFF,OFF,OFF,OFF,OFF
-5.3681383333333335,36.13683,2026-08-08T06:02:31Z,4.5,5.2,8.7,153.4,run,OFF,OFF,OFF,OFF,OFF,OFF,OFF
-5.367468333333333,36.135268333333336,2026-08-08T06:03:54Z,4.3,4.2,298.9,162.2,broad reach,OFF,OFF,OFF,OFF,OFF,OFF,OFF
-5.366875000000001,36.13369333333333,2026-08-08T06:05:15Z,4.5,5.7,306.6,157.8,broad reach,OFF,OFF,OFF,OFF,OFF,OFF,OFF
-5.366163333333333,36.13212166666666,2026-08-08T06:06:36Z,4.8,3.0,287.6,147.3,beam reach,OFF,OFF,OFF,OFF,OFF,OFF,OFF
-5.365386666666666,36.13057833333333,2026-08-08T06:07:56Z,4.7,3.3,280.1,152.9,beam reach,OFF,OFF,OFF,OFF,OFF,OFF,OFF
-5.364476666666667,36.1291,2026-08-08T06:09:14Z,4.7,2.9,302.1,152.5,broad reach,OFF,OFF,OFF,OFF,OFF,OFF,OFF
-5.363511666666667,36.12764666666667,2026-08-08T06:10:29Z,4.7,1.5,261.5,151.7,beam reach,OFF,OFF,OFF,OFF,OFF,OFF,OFF
-5.36278,36.12609,2026-08-08T06:11:42Z,4.8,2.1,281.2,152.7,beam reach,OFF,OFF,OFF,OFF,OFF,OFF,OFF
-5.362001666666667,36.12455,2026-08-08T06:12:55Z,4.7,3.5,296.3,151.1,beam reach,OFF,OFF,OFF,OFF,OFF,OFF,OFF
-5.361221666666667,36.12300333333334,2026-08-08T06:14:07Z,5.1,2.5,332.3,149.2,broad reach,OFF,OFF,OFF,OFF,OFF,OFF,OFF
-5.360395,36.12148666666667,2026-08-08T06:15:17Z,5.0,3.3,321.3,152.5,broad reach,OFF,OFF,OFF,OFF,OFF,OFF,OFF
-5.359466666666666,36.12002833333334,2026-08-08T06:16:28Z,4.9,6.2,320.1,143.9,broad reach,OFF,OFF,OFF,OFF,OFF,OFF,OFF
-5.358486666666666,36.11855,2026-08-08T06:17:42Z,4.7,3.6,299.4,144.8,broad reach,OFF,OFF,OFF,OFF,OFF,OFF,OFF
-5.357416666666667,36.11715,2026-08-08T06:18:54Z,5.0,2.7,342.7,138.0,broad reach,OFF,OFF,OFF,OFF,OFF,OFF,OFF
-5.35618,36.11582333333333,2026-08-08T06:20:06Z,4.8,3.5,355.2,143.2,broad reach,OFF,OFF,OFF,OFF,OFF,OFF,OFF
-5.354913333333333,36.114515,2026-08-08T06:21:20Z,4.8,1.4,6.5,139.1,beam reach,OFF,OFF,OFF,OFF,OFF,OFF,OFF
-5.353579999999999,36.113245,2026-08-08T06:22:34Z,4.9,4.1,5.0,141.8,run,OFF,OFF,OFF,OFF,OFF,OFF,OFF
-5.352486666666666,36.11184166666667,2026-08-08T06:23:49Z,4.9,5.2,24.0,161.5,broad reach,OFF,OFF,OFF,OFF,OFF,OFF,OFF
-5.351341666666667,36.11049333333334,2026-08-08T06:25:03Z,4.9,0.8,345.1,142.0,beam reach,OFF,OFF,OFF,OFF,OFF,OFF,OFF
-5.350223333333334,36.109156666666664,2026-08-08T06:26:14Z,5.4,1.1,79.0,187.2,beam reach,OFF,OFF,OFF,OFF,OFF,OFF,OFF
-5.350276666666668,36.107488333333336,2026-08-08T06:27:26Z,4.8,2.0,5.6,182.1,run,OFF,OFF,OFF,OFF,OFF,OFF,OFF
-5.350295,36.10583,2026-08-08T06:28:39Z,5.0,3.5,50.3,182.3,broad reach,OFF,OFF,OFF,OFF,OFF,OFF,OFF
-5.3502149999999995,36.10417333333333,2026-08-08T06:29:50Z,5.0,5.8,44.8,186.7,broad reach,OFF,OFF,OFF,OFF,OFF,OFF,OFF
-5.350271666666667,36.10250666666666,2026-08-08T06:30:59Z,5.4,7.2,60.9,182.9,broad reach,OFF,OFF,OFF,OFF,OFF,OFF,OFF
-5.350201666666667,36.10085333333333,2026-08-08T06:32:05Z,5.6,6.8,45.7,185.6,broad reach,OFF,OFF,OFF,OFF,OFF,OFF,OFF
-5.349731666666666,36.09944333333333,2026-08-08T06:33:11Z,5.2,7.2,39.6,69.4,close-hauled,OFF,OFF,OFF,OFF,OFF,OFF,OFF
-5.3479849999999995,36.100273333333334,2026-08-08T06:34:20Z,5.1,9.2,41.7,135.1,beam reach,OFF,OFF,OFF,OFF,OFF,OFF,OFF
-5.347669999999999,36.09868166666667,2026-08-08T06:35:29Z,5.6,8.9,47.6,172.9,broad reach,OFF,OFF,OFF,OFF,OFF,OFF,OFF
-5.347336666666666,36.097035,2026-08-08T06:36:35Z,5.4,9.3,47.2,173.9,broad reach,OFF,OFF,OFF,OFF,OFF,OFF,OFF
-5.347030000000001,36.09541,2026-08-08T06:37:40Z,5.6,9.5,43.0,176.3,broad reach,OFF,OFF,OFF,OFF,OFF,OFF,OFF
-5.346756666666666,36.09376333333333,2026-08-08T06:38:43Z,5.3,9.5,44.9,177.2,broad reach,OFF,OFF,OFF,OFF,OFF,OFF,OFF
-5.346446666666666,36.092101666666665,2026-08-08T06:39:49Z,5.6,9.9,45.1,174.2,broad reach,OFF,OFF,OFF,OFF,OFF,OFF,OFF
-5.34621,36.090465,2026-08-08T06:40:56Z,5.3,9.6,40.3,173.6,broad reach,OFF,OFF,OFF,OFF,OFF,OFF,OFF
-5.34554,36.088895,2026-08-08T06:42:02Z,5.4,8.7,41.4,166.4,broad reach,OFF,OFF,OFF,OFF,OFF,OFF,OFF
-5.344943333333333,36.08730333333333,2026-08-08T06:43:09Z,5.7,8.1,44.1,170.0,broad reach,OFF,OFF,OFF,OFF,OFF,OFF,OFF
-5.344264999999999,36.08574,2026-08-08T06:44:13Z,5.5,9.0,44.1,168.4,broad reach,OFF,OFF,OFF,OFF,OFF,OFF,OFF
-5.3436650000000006,36.084138333333335,2026-08-08T06:45:18Z,6.0,7.9,47.4,165.8,broad reach,OFF,OFF,OFF,OFF,OFF,OFF,OFF
-5.343015,36.082570000000004,2026-08-08T06:46:20Z,5.5,8.9,48.1,181.1,broad reach,OFF,OFF,OFF,OFF,OFF,OFF,OFF
-5.342910000000001,36.08092,2026-08-08T06:47:26Z,5.6,8.5,44.6,178.9,broad reach,OFF,OFF,OFF,OFF,OFF,OFF,OFF
-5.342625,36.079265,2026-08-08T06:48:32Z,5.2,8.7,43.7,182.9,broad reach,OFF,OFF,OFF,OFF,OFF,OFF,OFF
-5.342411666666667,36.07761166666667,2026-08-08T06:49:40Z,5.3,8.8,46.2,180.5,broad reach,OFF,OFF,OFF,OFF,OFF,OFF,OFF
-5.342454999999999,36.07598666666667,2026-08-08T06:50:49Z,4.7,8.5,41.6,200.3,broad reach,OFF,OFF,OFF,OFF,OFF,OFF,OFF
-5.343106666666667,36.07439333333333,2026-08-08T06:52:04Z,5.1,7.3,48.1,202.2,broad reach,OFF,OFF,OFF,OFF,OFF,OFF,OFF
-5.343738333333333,36.072813333333336,2026-08-08T06:53:14Z,5.0,7.3,50.9,203.5,broad reach,OFF,OFF,OFF,OFF,OFF,OFF,OFF
-5.344348333333333,36.07123833333333,2026-08-08T06:54:24Z,5.1,6.2,51.6,205.2,broad reach,OFF,OFF,OFF,OFF,OFF,OFF,OFF
-5.345015000000001,36.06966666666666,2026-08-08T06:55:33Z,5.1,6.4,55.9,202.4,broad reach,OFF,OFF,OFF,OFF,OFF,OFF,OFF
-5.3455883333333345,36.06805333333333,2026-08-08T06:56:45Z,5.0,7.0,57.8,202.6,broad reach,OFF,OFF,OFF,OFF,OFF,OFF,OFF
-5.346050000000001,36.066448333333334,2026-08-08T06:57:55Z,5.0,5.8,77.4,205.4,broad reach,OFF,OFF,OFF,OFF,OFF,OFF,OFF
-5.3464566666666675,36.064816666666665,2026-08-08T06:59:05Z,5.5,4.7,75.9,201.1,broad reach,OFF,OFF,OFF,OFF,OFF,OFF,OFF
-5.34682,36.06316833333334,2026-08-08T07:00:14Z,5.0,8.8,60.8,205.3,broad reach,OFF,OFF,OFF,OFF,OFF,OFF,OFF
-5.34721,36.06154166666667,2026-08-08T07:01:23Z,5.4,6.8,71.2,199.0,broad reach,OFF,OFF,OFF,OFF,OFF,OFF,OFF
-5.347250000000001,36.059891666666665,2026-08-08T07:02:26Z,5.7,6.4,71.4,195.5,broad reach,OFF,OFF,OFF,OFF,OFF,OFF,OFF
-5.3473,36.058233333333334,2026-08-08T07:03:28Z,5.7,6.4,66.1,190.4,broad reach,OFF,OFF,OFF,OFF,OFF,OFF,OFF
-5.3473299999999995,36.05657,2026-08-08T07:04:30Z,5.6,5.8,78.9,197.5,beam reach,OFF,OFF,OFF,OFF,OFF,OFF,OFF
-5.347401666666667,36.05489,2026-08-08T07:05:34Z,5.5,6.0,70.2,192.2,broad reach,OFF,OFF,OFF,OFF,OFF,OFF,OFF
-5.347415000000001,36.053248333333336,2026-08-08T07:06:45Z,4.7,7.2,61.9,194.6,broad reach,OFF,OFF,OFF,OFF,OFF,OFF,OFF
-5.346753333333334,36.051680000000005,2026-08-08T07:07:52Z,5.9,6.6,61.5,171.9,broad reach,OFF,OFF,OFF,OFF,OFF,OFF,OFF
-5.345951666666667,36.050153333333334,2026-08-08T07:08:54Z,5.5,6.5,62.9,173.5,beam reach,OFF,OFF,OFF,OFF,OFF,OFF,OFF
-5.345236666666667,36.04858,2026-08-08T07:09:59Z,5.6,8.2,66.2,171.5,beam reach,OFF,OFF,OFF,OFF,OFF,OFF,OFF
-5.344428333333334,36.047063333333334,2026-08-08T07:11:01Z,5.4,7.2,67.0,176.6,beam reach,OFF,OFF,OFF,OFF,OFF,OFF,OFF
-5.34365,36.04552833333333,2026-08-08T07:12:06Z,5.8,8.1,68.0,176.0,beam reach,OFF,OFF,OFF,OFF,OFF,OFF,OFF
-5.343215,36.04389166666667,2026-08-08T07:13:14Z,5.6,8.4,74.7,181.3,beam reach,OFF,OFF,OFF,OFF,OFF,OFF,OFF
-5.342713333333334,36.042296666666665,2026-08-08T07:14:20Z,5.5,8.9,72.7,182.2,beam reach,OFF,OFF,OFF,OFF,OFF,OFF,OFF
-5.342204999999999,36.04067666666666,2026-08-08T07:15:28Z,5.7,9.5,71.7,184.7,broad reach,OFF,OFF,OFF,OFF,OFF,OFF,OFF
-5.341726666666667,36.03908,2026-08-08T07:16:34Z,5.1,8.8,67.7,185.9,broad reach,OFF,OFF,OFF,OFF,OFF,OFF,OFF
-5.341243333333334,36.03745,2026-08-08T07:17:41Z,5.4,9.8,69.8,187.6,broad reach,OFF,OFF,OFF,OFF,OFF,OFF,OFF
-5.3408483333333345,36.03583833333333,2026-08-08T07:18:46Z,5.4,10.6,73.1,191.8,broad reach,OFF,OFF,OFF,OFF,OFF,OFF,OFF
-5.340739999999999,36.03418,2026-08-08T07:19:54Z,5.3,11.3,71.8,189.9,broad reach,OFF,OFF,OFF,OFF,OFF,OFF,OFF
-5.340604999999999,36.032515,2026-08-08T07:21:03Z,5.3,8.3,71.3,190.3,broad reach,OFF,OFF,OFF,OFF,OFF,OFF,OFF
-5.340543333333333,36.030858333333335,2026-08-08T07:22:14Z,5.2,12.1,69.5,188.1,broad reach,OFF,OFF,OFF,OFF,OFF,OFF,OFF
-5.340451666666667,36.029181666666666,2026-08-08T07:23:21Z,5.7,11.0,72.7,191.8,broad reach,OFF,OFF,OFF,OFF,OFF,OFF,OFF
-5.3404050000000005,36.02753166666666,2026-08-08T07:24:28Z,5.3,10.1,67.9,194.8,broad reach,OFF,OFF,OFF,OFF,OFF,OFF,OFF
-5.3403849999999995,36.02586833333333,2026-08-08T07:25:36Z,5.3,10.9,67.4,194.7,broad reach,OFF,OFF,OFF,OFF,OFF,OFF,OFF
-5.3403833333333335,36.02422333333333,2026-08-08T07:26:43Z,5.1,11.6,62.3,193.2,broad reach,OFF,OFF,OFF,OFF,OFF,OFF,OFF
-5.340439999999999,36.02256,2026-08-08T07:27:51Z,5.5,11.2,68.5,190.5,broad reach,OFF,OFF,OFF,OFF,OFF,OFF,OFF
-5.340475,36.02088833333333,2026-08-08T07:28:59Z,5.2,11.0,63.1,195.8,broad reach,OFF,OFF,OFF,OFF,OFF,OFF,OFF
-5.340458333333333,36.01923333333333,2026-08-08T07:30:05Z,5.6,11.1,64.4,194.7,broad reach,OFF,OFF,OFF,OFF,OFF,OFF,OFF
-5.340476666666666,36.017556666666664,2026-08-08T07:31:11Z,5.6,9.7,70.9,193.7,broad reach,OFF,OFF,OFF,OFF,OFF,OFF,OFF
-5.340553333333334,36.01590833333333,2026-08-08T07:32:17Z,5.6,10.7,65.8,191.2,broad reach,OFF,OFF,OFF,OFF,OFF,OFF,OFF
-5.340553333333334,36.014251666666674,2026-08-08T07:33:21Z,5.8,11.0,67.6,195.1,broad reach,OFF,OFF,OFF,OFF,OFF,OFF,OFF
-5.340606666666668,36.01260333333333,2026-08-08T07:34:25Z,5.6,11.9,64.6,196.2,broad reach,OFF,OFF,OFF,OFF,OFF,OFF,OFF
-5.340675000000001,36.010936666666666,2026-08-08T07:35:30Z,5.3,11.2,55.8,195.6,broad reach,OFF,OFF,OFF,OFF,OFF,OFF,OFF
-5.340781666666667,36.009278333333334,2026-08-08T07:36:35Z,5.5,9.9,57.7,194.8,broad reach,OFF,OFF,OFF,OFF,OFF,OFF,OFF
-5.340853333333333,36.00762666666667,2026-08-08T07:37:40Z,5.1,10.2,58.7,201.8,broad reach,OFF,OFF,OFF,OFF,OFF,OFF,OFF
-5.341198333333334,36.00598166666667,2026-08-08T07:38:47Z,5.1,11.2,65.5,203.3,broad reach,OFF,OFF,OFF,OFF,OFF,OFF,OFF
-5.341981666666667,36.00447,2026-08-08T07:39:59Z,4.5,10.3,59.0,230.2,broad reach,OFF,OFF,OFF,OFF,OFF,OFF,OFF
-5.343606666666667,36.003475,2026-08-08T07:41:24Z,3.7,9.4,60.8,245.1,run,OFF,OFF,OFF,OFF,OFF,OFF,OFF
-5.345280000000001,36.002500000000005,2026-08-08T07:42:50Z,4.0,10.3,65.5,241.9,broad reach,OFF,OFF,OFF,OFF,OFF,OFF,OFF
-5.346833333333333,36.00145,2026-08-08T07:44:14Z,4.6,10.8,69.2,229.7,broad reach,OFF,OFF,OFF,OFF,OFF,OFF,OFF
-5.347613333333333,35.99992666666667,2026-08-08T07:45:31Z,5.1,11.2,70.5,212.2,broad reach,OFF,OFF,OFF,OFF,OFF,OFF,OFF
-5.34818,35.99834333333333,2026-08-08T07:46:46Z,5.3,10.8,76.2,200.4,broad reach,OFF,OFF,OFF,OFF,OFF,OFF,OFF
-5.348538333333333,35.99671166666667,2026-08-08T07:47:58Z,4.9,10.4,76.3,203.2,broad reach,OFF,OFF,OFF,OFF,OFF,OFF,OFF
-5.348846666666666,35.99507166666667,2026-08-08T07:49:11Z,5.4,10.2,75.1,202.6,broad reach,OFF,OFF,OFF,OFF,OFF,OFF,OFF
-5.349193333333333,35.993433333333336,2026-08-08T07:50:24Z,4.7,9.1,80.8,206.1,broad reach,OFF,OFF,OFF,OFF,OFF,OFF,OFF
-5.349545000000001,35.99180166666667,2026-08-08T07:51:37Z,4.4,7.3,86.9,204.9,beam reach,OFF,OFF,OFF,OFF,OFF,OFF,OFF
-5.349829999999999,35.99014666666667,2026-08-08T07:52:52Z,4.9,8.2,79.3,214.5,broad reach,OFF,OFF,OFF,OFF,OFF,OFF,OFF
-5.350498333333333,35.988575,2026-08-08T07:54:08Z,4.7,8.9,82.9,213.6,broad reach,OFF,OFF,OFF,OFF,OFF,OFF,OFF
-5.351108333333333,35.987001666666664,2026-08-08T07:55:25Z,4.9,8.6,78.4,210.9,broad reach,OFF,OFF,OFF,OFF,OFF,OFF,OFF
-5.351621666666667,35.98540166666667,2026-08-08T07:56:41Z,5.2,7.2,86.3,203.5,beam reach,OFF,OFF,OFF,OFF,OFF,OFF,OFF
-5.352336666666668,35.98386333333334,2026-08-08T07:58:03Z,4.3,7.2,99.7,226.7,beam reach,OFF,OFF,OFF,OFF,OFF,OFF,OFF
-5.353504999999999,35.98249,2026-08-08T07:59:30Z,4.4,5.8,91.8,226.1,beam reach,OFF,OFF,OFF,OFF,OFF,OFF,OFF
-5.354728333333332,35.98117166666667,2026-08-08T08:00:50Z,4.5,7.4,92.8,229.7,beam reach,OFF,OFF,OFF,OFF,OFF,OFF,OFF
-5.355926666666666,35.979823333333336,2026-08-08T08:02:09Z,4.5,7.4,84.7,229.9,broad reach,OFF,OFF,OFF,OFF,OFF,OFF,OFF
-5.3558666666666666,35.978224999999995,2026-08-08T08:03:15Z,5.5,6.4,79.5,191.4,beam reach,OFF,OFF,OFF,OFF,OFF,OFF,OFF
-5.355766666666667,35.97655333333333,2026-08-08T08:04:21Z,5.4,7.3,70.8,195.4,broad reach,OFF,OFF,OFF,OFF,OFF,OFF,OFF
-5.355698333333334,35.97489333333333,2026-08-08T08:05:27Z,5.6,7.5,82.6,196.4,beam reach,OFF,OFF,OFF,OFF,OFF,OFF,OFF
-5.355694999999999,35.97322666666666,2026-08-08T08:06:31Z,5.9,8.0,76.9,192.6,beam reach,OFF,OFF,OFF,OFF,OFF,OFF,OFF
-5.355694999999999,35.97157,2026-08-08T08:07:30Z,6.1,8.3,72.3,193.7,broad reach,OFF,OFF,OFF,OFF,OFF,OFF,OFF
-5.355741666666668,35.969915,2026-08-08T08:08:30Z,6.0,9.4,63.5,193.0,broad reach,OFF,OFF,OFF,OFF,OFF,OFF,OFF
-5.35576,35.968255,2026-08-08T08:09:30Z,6.3,8.1,73.1,193.8,broad reach,OFF,OFF,OFF,OFF,OFF,OFF,OFF
-5.3558216666666665,35.96657833333334,2026-08-08T08:10:31Z,6.2,9.2,65.6,192.9,broad reach,OFF,OFF,OFF,OFF,OFF,OFF,OFF
-5.355858333333333,35.96492833333333,2026-08-08T08:11:31Z,6.1,10.2,68.7,194.9,broad reach,OFF,OFF,OFF,OFF,OFF,OFF,OFF
-5.3560516666666675,35.963271666666664,2026-08-08T08:12:33Z,5.9,10.2,71.9,201.5,broad reach,OFF,OFF,OFF,OFF,OFF,OFF,OFF
-5.356263333333334,35.96161166666666,2026-08-08T08:13:37Z,5.6,9.8,71.4,202.2,broad reach,OFF,OFF,OFF,OFF,OFF,OFF,OFF
-5.356558333333334,35.959983333333334,2026-08-08T08:14:41Z,5.7,9.5,75.5,195.4,broad reach,OFF,OFF,OFF,OFF,OFF,OFF,OFF
-5.35684,35.958331666666666,2026-08-08T08:15:44Z,5.8,10.2,75.0,201.5,broad reach,OFF,OFF,OFF,OFF,OFF,OFF,OFF
-5.357164999999999,35.956675000000004,2026-08-08T08:16:50Z,5.5,10.3,80.6,201.3,broad reach,OFF,OFF,OFF,OFF,OFF,OFF,OFF
-5.3575083333333335,35.955043333333336,2026-08-08T08:17:54Z,5.8,9.7,81.6,196.5,beam reach,OFF,OFF,OFF,OFF,OFF,OFF,OFF
-5.357856666666667,35.953406666666666,2026-08-08T08:18:56Z,5.8,9.7,82.1,199.5,beam reach,OFF,OFF,OFF,OFF,OFF,OFF,OFF
-5.358261666666667,35.95177833333333,2026-08-08T08:19:59Z,6.0,9.7,85.3,199.6,beam reach,OFF,OFF,OFF,OFF,OFF,OFF,OFF
-5.358698333333333,35.95016,2026-08-08T08:21:02Z,5.7,9.7,85.9,196.8,beam reach,OFF,OFF,OFF,OFF,OFF,OFF,OFF
-5.35915,35.948541666666664,2026-08-08T08:22:05Z,5.5,9.5,90.3,196.8,beam reach,OFF,OFF,OFF,OFF,OFF,OFF,OFF
-5.35964,35.94692,2026-08-08T08:23:08Z,5.6,9.2,85.8,200.7,beam reach,OFF,OFF,OFF,OFF,OFF,OFF,OFF
-5.360108333333333,35.945301666666666,2026-08-08T08:24:11Z,5.6,10.5,86.8,201.1,beam reach,OFF,OFF,OFF,OFF,OFF,OFF,OFF
-5.360755,35.943729999999995,2026-08-08T08:25:15Z,5.4,10.8,90.5,210.4,beam reach,OFF,OFF,OFF,OFF,OFF,OFF,OFF
-5.361718333333332,35.94227333333333,2026-08-08T08:26:24Z,5.1,9.5,87.4,219.5,broad reach,OFF,OFF,OFF,OFF,OFF,OFF,OFF
-5.363108333333334,35.94104,2026-08-08T08:27:37Z,4.8,9.9,92.5,231.0,broad reach,OFF,OFF,OFF,OFF,OFF,OFF,OFF
-5.36465,35.939971666666665,2026-08-08T08:28:49Z,5.3,9.9,96.4,228.7,broad reach,OFF,OFF,OFF,OFF,OFF,OFF,OFF
-5.366261666666666,35.938923333333335,2026-08-08T08:30:00Z,5.1,10.3,97.5,229.7,beam reach,OFF,OFF,OFF,OFF,OFF,OFF,OFF
-5.367845,35.93786333333333,2026-08-08T08:31:10Z,4.7,10.2,95.3,232.4,broad reach,OFF,OFF,OFF,OFF,OFF,OFF,OFF
-5.369424999999999,35.93680666666667,2026-08-08T08:32:21Z,5.0,10.2,98.0,229.5,beam reach,OFF,OFF,OFF,OFF,OFF,OFF,OFF
-5.371054999999999,35.93581666666667,2026-08-08T08:33:28Z,5.1,10.5,98.4,226.5,beam reach,OFF,OFF,OFF,OFF,OFF,OFF,OFF
-5.372695000000001,35.93479166666667,2026-08-08T08:34:35Z,5.5,12.6,98.2,230.4,broad reach,OFF,OFF,OFF,OFF,OFF,OFF,OFF
-5.374308333333333,35.93379,2026-08-08T08:35:39Z,5.2,12.9,93.8,231.6,broad reach,OFF,OFF,OFF,OFF,OFF,OFF,OFF
-5.3759766666666655,35.932813333333335,2026-08-08T08:36:44Z,5.5,11.9,87.8,231.9,broad reach,OFF,OFF,OFF,OFF,OFF,OFF,OFF
-5.377671666666667,35.93185666666667,2026-08-08T08:37:49Z,5.8,13.8,90.0,231.4,broad reach,OFF,OFF,OFF,OFF,OFF,OFF,OFF
-5.379315000000001,35.930884999999996,2026-08-08T08:39:04Z,4.0,12.8,95.2,232.3,broad reach,OFF,OFF,OFF,OFF,OFF,OFF,OFF
-5.381103333333334,35.93006333333334,2026-08-08T08:40:38Z,3.9,13.8,84.2,227.2,broad reach,OFF,OFF,OFF,OFF,OFF,OFF,OFF
-5.382878333333334,35.92923166666667,2026-08-08T08:42:13Z,3.9,12.8,80.4,223.8,broad reach,OFF,OFF,OFF,OFF,OFF,OFF,OFF
-5.384564999999999,35.92829666666667,2026-08-08T08:43:41Z,4.1,14.2,84.0,223.5,broad reach,OFF,OFF,OFF,OFF,OFF,OFF,OFF
-5.386138333333334,35.927233333333334,2026-08-08T08:45:03Z,4.6,14.5,73.8,219.7,broad reach,OFF,OFF,OFF,OFF,OFF,OFF,OFF
-5.387746666666668,35.926264999999994,2026-08-08T08:46:21Z,4.4,13.8,84.3,283.9,run,OFF,OFF,OFF,OFF,OFF,OFF,OFF
-5.38957,35.927011666666665,2026-08-08T08:47:26Z,5.7,15.3,79.5,290.8,run,OFF,OFF,OFF,OFF,OFF,OFF,OFF
-5.391493333333333,35.927635,2026-08-08T08:48:30Z,6.0,16.1,81.6,302.6,broad reach,OFF,OFF,OFF,OFF,OFF,OFF,OFF
-5.393164999999999,35.92858666666667,2026-08-08T08:49:27Z,6.6,16.6,70.7,298.1,beam reach,OFF,OFF,OFF,OFF,OFF,OFF,OFF
-5.395085,35.92914333333333,2026-08-08T08:50:27Z,6.2,17.0,70.3,294.0,broad reach,OFF,OFF,OFF,OFF,OFF,OFF,OFF
-5.3969983333333325,35.929725,2026-08-08T08:51:24Z,6.6,17.0,66.2,283.8,broad reach,OFF,OFF,OFF,OFF,OFF,OFF,OFF
-5.3989650000000005,35.93009333333334,2026-08-08T08:52:21Z,6.2,17.4,61.9,273.4,run,OFF,OFF,OFF,OFF,OFF,OFF,OFF
-5.40104,35.93028833333334,2026-08-08T08:53:20Z,6.1,18.6,63.4,276.5,run,OFF,OFF,OFF,OFF,OFF,OFF,OFF
-5.403006666666666,35.930706666666666,2026-08-08T08:54:13Z,6.8,19.3,61.9,288.3,broad reach,OFF,OFF,OFF,OFF,OFF,OFF,OFF
-5.405011666666667,35.930944999999994,2026-08-08T08:55:09Z,5.9,18.7,59.9,266.7,run,OFF,OFF,OFF,OFF,OFF,OFF,OFF
-5.407026666666667,35.93123666666667,2026-08-08T08:56:07Z,6.4,18.8,61.7,281.2,broad reach,OFF,OFF,OFF,OFF,OFF,OFF,OFF
-5.409,35.93102666666667,2026-08-08T08:57:12Z,5.4,20.1,58.6,250.5,run,OFF,OFF,OFF,OFF,OFF,OFF,OFF
-5.410911666666667,35.930463333333336,2026-08-08T08:58:16Z,5.5,20.8,59.7,243.1,run,OFF,OFF,OFF,OFF,OFF,OFF,OFF
-5.412751666666666,35.92972666666667,2026-08-08T08:59:17Z,6.2,20.2,54.3,239.8,run,OFF,OFF,OFF,OFF,OFF,OFF,OFF
-5.414553333333333,35.928943333333336,2026-08-08T09:00:18Z,5.8,19.9,54.3,236.5,run,OFF,OFF,OFF,OFF,OFF,OFF,OFF
-5.4163749999999995,35.92813,2026-08-08T09:01:19Z,6.1,15.9,53.3,229.9,run,OFF,OFF,OFF,OFF,OFF,OFF,OFF
-5.418105000000001,35.927260000000004,2026-08-08T09:02:17Z,6.2,21.9,44.3,236.8,run,OFF,OFF,OFF,OFF,OFF,OFF,OFF
-5.419815,35.926341666666666,2026-08-08T09:03:14Z,6.3,22.7,45.4,231.7,run,OFF,OFF,OFF,OFF,OFF,OFF,OFF
-5.421468333333333,35.92534666666666,2026-08-08T09:04:12Z,6.2,18.7,48.1,225.1,run,OFF,OFF,OFF,OFF,OFF,OFF,OFF
-5.423093333333332,35.92433666666667,2026-08-08T09:05:08Z,6.8,20.4,45.2,233.3,run,OFF,OFF,OFF,OFF,OFF,OFF,OFF
-5.424693333333333,35.92331166666667,2026-08-08T09:06:05Z,7.2,22.4,43.4,232.0,run,OFF,OFF,OFF,OFF,OFF,OFF,OFF
-5.426280000000001,35.922288333333334,2026-08-08T09:06:58Z,6.6,21.3,46.5,227.2,run,OFF,OFF,OFF,OFF,OFF,OFF,OFF
-5.4278716666666655,35.921213333333334,2026-08-08T09:07:53Z,6.8,15.6,42.2,221.9,run,OFF,OFF,OFF,OFF,OFF,OFF,OFF
-5.4295383333333325,35.920265,2026-08-08T09:08:49Z,6.6,22.9,47.1,257.8,run,OFF,OFF,OFF,OFF,OFF,OFF,OFF
-5.431545,35.920089999999995,2026-08-08T09:09:39Z,6.9,21.7,47.6,264.8,broad reach,OFF,OFF,OFF,OFF,OFF,OFF,OFF
-5.433583333333333,35.91985,2026-08-08T09:10:31Z,7.0,22.0,44.8,265.2,broad reach,OFF,OFF,OFF,OFF,OFF,OFF,OFF
-5.435605,35.91956166666667,2026-08-08T09:11:24Z,6.5,20.8,42.3,261.1,broad reach,OFF,OFF,OFF,OFF,OFF,OFF,OFF
-5.4376266666666675,35.919358333333335,2026-08-08T09:12:17Z,7.2,21.4,48.9,259.5,run,OFF,OFF,OFF,OFF,OFF,OFF,OFF
-5.439673333333333,35.9191,2026-08-08T09:13:12Z,6.6,21.4,50.2,259.6,run,OFF,OFF,OFF,OFF,OFF,OFF,OFF
-5.4416866666666674,35.91893166666667,2026-08-08T09:14:06Z,6.3,23.1,41.8,256.6,run,OFF,OFF,OFF,OFF,OFF,OFF,OFF
-5.443738333333332,35.91873,2026-08-08T09:15:01Z,6.0,18.0,49.3,263.5,run,OFF,OFF,OFF,OFF,OFF,OFF,OFF
-5.445756666666667,35.91849,2026-08-08T09:16:02Z,6.1,18.4,48.8,260.8,run,OFF,OFF,OFF,OFF,OFF,OFF,OFF
-5.447786666666667,35.91828833333333,2026-08-08T09:17:04Z,5.8,16.6,45.2,256.8,run,OFF,OFF,OFF,OFF,OFF,OFF,OFF
-5.4498299999999995,35.91804833333333,2026-08-08T09:18:09Z,5.0,17.5,54.7,259.6,run,OFF,OFF,OFF,OFF,OFF,OFF,OFF
-5.45187,35.91787166666666,2026-08-08T09:19:13Z,5.9,16.5,46.4,260.2,run,OFF,OFF,OFF,OFF,OFF,OFF,OFF
-5.453908333333334,35.91762833333333,2026-08-08T09:20:24Z,4.7,16.3,47.0,258.8,run,OFF,OFF,OFF,OFF,OFF,OFF,OFF
-5.455915000000001,35.917384999999996,2026-08-08T09:21:40Z,4.7,15.2,48.0,260.6,run,OFF,OFF,OFF,OFF,OFF,OFF,OFF
-5.457928333333332,35.917095,2026-08-08T09:23:13Z,3.4,14.9,56.7,272.9,broad reach,OFF,OFF,OFF,OFF,OFF,OFF,OFF
-5.45997,35.91719166666667,2026-08-08T09:25:04Z,2.5,12.5,63.1,277.8,broad reach,OFF,OFF,OFF,OFF,OFF,OFF,OFF
-5.46163,35.91795166666667,2026-08-08T09:27:56Z,3.0,9.9,78.2,307.9,beam reach,OFF,OFF,OFF,OFF,OFF,OFF,OFF
-5.46342,35.91866166666667,2026-08-08T09:30:10Z,3.3,14.1,49.2,270.6,broad reach,OFF,OFF,OFF,OFF,OFF,OFF,OFF
-5.465425000000001,35.918845000000005,2026-08-08T09:31:38Z,4.5,17.1,63.5,277.7,broad reach,OFF,OFF,OFF,OFF,OFF,OFF,OFF
-5.467461666666666,35.91884166666667,2026-08-08T09:32:56Z,4.4,17.9,61.4,264.1,run,OFF,OFF,OFF,OFF,OFF,OFF,OFF
-5.469246666666667,35.918225,2026-08-08T09:34:24Z,3.3,10.3,54.0,223.0,run,OFF,OFF,OFF,OFF,OFF,OFF,OFF
-5.471080000000001,35.917563333333334,2026-08-08T09:36:02Z,5.2,16.1,51.4,252.9,run,OFF,OFF,OFF,OFF,OFF,OFF,OFF
-5.47299,35.917045,2026-08-08T09:37:29Z,3.7,12.3,55.9,238.1,run,OFF,OFF,OFF,OFF,OFF,OFF,OFF
-5.474864999999999,35.91687833333334,2026-08-08T09:39:30Z,2.7,9.4,99.7,282.7,run,OFF,OFF,OFF,OFF,OFF,OFF,OFF
-5.476560000000001,35.91623666666667,2026-08-08T09:41:22Z,3.5,9.9,91.4,243.9,broad reach,OFF,OFF,OFF,OFF,OFF,OFF,OFF
-5.478205000000001,35.91528,2026-08-08T09:43:11Z,3.3,9.9,98.7,237.4,broad reach,OFF,OFF,OFF,OFF,OFF,OFF,OFF
-5.47986,35.914316666666664,2026-08-08T09:44:42Z,3.9,12.3,79.3,232.8,broad reach,OFF,OFF,OFF,OFF,OFF,OFF,OFF
-5.4814116666666655,35.913243333333334,2026-08-08T09:46:09Z,4.1,16.4,80.0,224.7,broad reach,OFF,OFF,OFF,OFF,OFF,OFF,OFF
-5.482618333333333,35.91193666666666,2026-08-08T09:47:31Z,3.8,15.1,60.2,220.9,broad reach,OFF,OFF,OFF,OFF,OFF,OFF,OFF
-5.483758333333332,35.91057333333333,2026-08-08T09:48:52Z,4.7,16.5,57.6,211.7,broad reach,OFF,OFF,OFF,OFF,OFF,OFF,OFF
-5.484814999999999,35.909168333333334,2026-08-08T09:50:08Z,5.1,18.9,60.1,205.0,broad reach,OFF,OFF,OFF,OFF,OFF,OFF,OFF
-5.4858416666666665,35.907720000000005,2026-08-08T09:51:17Z,5.2,18.0,59.5,208.3,broad reach,OFF,OFF,OFF,OFF,OFF,OFF,OFF
-5.48701,35.90636166666666,2026-08-08T09:52:27Z,5.2,20.3,58.9,213.4,broad reach,OFF,OFF,OFF,OFF,OFF,OFF,OFF
-5.488558333333333,35.90548833333333,2026-08-08T09:53:36Z,6.3,18.9,54.4,281.6,broad reach,OFF,OFF,OFF,OFF,OFF,OFF,OFF
-5.490586666666667,35.90557666666667,2026-08-08T09:54:40Z,5.6,19.0,63.2,278.2,broad reach,OFF,OFF,OFF,OFF,OFF,OFF,OFF
-5.492461666666666,35.90589166666667,2026-08-08T09:55:53Z,4.1,14.5,64.0,13.3,close-hauled,OFF,OFF,OFF,OFF,OFF,OFF,OFF
-5.493523333333333,35.905453333333334,2026-08-08T09:58:11Z,4.5,15.3,54.2,238.6,run,OFF,OFF,OFF,OFF,OFF,OFF,OFF
-5.4953650000000005,35.90473,2026-08-08T09:59:34Z,4.7,15.7,57.8,243.5,run,OFF,OFF,OFF,OFF,OFF,OFF,OFF
-5.497191666666667,35.90399,2026-08-08T10:01:08Z,3.7,16.3,52.3,243.6,run,OFF,OFF,OFF,OFF,OFF,OFF,OFF
-5.49902,35.90326166666667,2026-08-08T10:02:30Z,4.9,18.8,44.3,241.6,run,OFF,OFF,OFF,OFF,OFF,OFF,OFF
-5.500698333333334,35.90236166666667,2026-08-08T10:03:48Z,4.8,19.6,65.2,218.6,broad reach,OFF,OFF,OFF,OFF,OFF,OFF,OFF
-5.502140000000001,35.90117166666666,2026-08-08T10:05:01Z,4.2,20.5,51.2,226.5,run,OFF,OFF,OFF,OFF,OFF,OFF,OFF
-5.503609999999999,35.90003166666667,2026-08-08T10:06:16Z,5.6,19.3,46.8,220.7,run,OFF,OFF,OFF,OFF,OFF,OFF,OFF
-5.505426666666667,35.899458333333335,2026-08-08T10:07:29Z,5.4,19.9,56.8,255.1,run,OFF,OFF,OFF,OFF,OFF,OFF,OFF
-5.507429999999999,35.899195,2026-08-08T10:08:36Z,5.3,23.4,65.3,285.7,broad reach,OFF,OFF,OFF,OFF,OFF,OFF,OFF
-5.508878333333333,35.90031833333333,2026-08-08T10:09:36Z,6.1,20.8,63.8,307.1,beam reach,OFF,OFF,OFF,OFF,OFF,OFF,OFF
-5.5107349999999995,35.900861666666664,2026-08-08T10:10:43Z,5.0,18.2,84.2,261.9,run,OFF,OFF,OFF,OFF,OFF,OFF,OFF
-5.512691666666666,35.900393333333334,2026-08-08T10:11:56Z,4.8,18.5,58.2,251.1,run,OFF,OFF,OFF,OFF,OFF,OFF,OFF
-5.514515,35.89967,2026-08-08T10:13:07Z,5.9,18.5,56.2,235.1,run,OFF,OFF,OFF,OFF,OFF,OFF,OFF
-5.516313333333333,35.898871666666665,2026-08-08T10:14:11Z,5.6,19.8,48.7,248.2,run,OFF,OFF,OFF,OFF,OFF,OFF,OFF
-5.518211666666668,35.898270000000004,2026-08-08T10:15:19Z,5.3,21.0,54.2,240.0,run,OFF,OFF,OFF,OFF,OFF,OFF,OFF
-5.5198566666666675,35.89729833333333,2026-08-08T10:16:24Z,5.5,19.0,57.1,232.4,run,OFF,OFF,OFF,OFF,OFF,OFF,OFF
-5.521540000000001,35.89635333333333,2026-08-08T10:17:31Z,5.3,20.6,52.7,232.0,run,OFF,OFF,OFF,OFF,OFF,OFF,OFF
-5.523243333333333,35.89543666666667,2026-08-08T10:18:36Z,6.3,21.8,53.9,236.4,run,OFF,OFF,OFF,OFF,OFF,OFF,OFF
-5.524925,35.894486666666666,2026-08-08T10:19:40Z,4.8,18.8,57.5,232.9,run,OFF,OFF,OFF,OFF,OFF,OFF,OFF
-5.5266383333333335,35.89360666666666,2026-08-08T10:20:42Z,5.6,20.5,50.3,232.6,run,OFF,OFF,OFF,OFF,OFF,OFF,OFF
-5.528363333333334,35.892714999999995,2026-08-08T10:21:49Z,4.8,17.9,57.3,233.8,run,OFF,OFF,OFF,OFF,OFF,OFF,OFF
-5.530051666666666,35.89177666666667,2026-08-08T10:22:57Z,5.7,20.3,46.6,232.1,run,OFF,OFF,OFF,OFF,OFF,OFF,OFF
-5.531791666666667,35.89088,2026-08-08T10:24:01Z,5.7,20.8,48.0,234.6,run,OFF,OFF,OFF,OFF,OFF,OFF,OFF
-5.533501666666666,35.88998333333333,2026-08-08T10:25:05Z,5.7,25.0,45.6,237.6,run,OFF,OFF,OFF,OFF,OFF,OFF,OFF
-5.535208333333332,35.88909,2026-08-08T10:26:07Z,5.8,25.8,33.7,232.3,run,OFF,OFF,OFF,OFF,OFF,OFF,OFF
-5.536905,35.88818833333333,2026-08-08T10:27:13Z,5.2,23.4,44.6,231.1,run,OFF,OFF,OFF,OFF,OFF,OFF,OFF
-5.53852,35.88716,2026-08-08T10:28:19Z,5.3,21.2,52.3,231.6,run,OFF,OFF,OFF,OFF,OFF,OFF,OFF
-5.540144999999999,35.88614333333333,2026-08-08T10:29:31Z,4.9,17.5,38.1,233.6,run,OFF,OFF,OFF,OFF,OFF,OFF,OFF
-5.541759999999999,35.88516166666667,2026-08-08T10:30:42Z,5.0,23.9,41.9,227.9,run,OFF,OFF,OFF,OFF,OFF,OFF,OFF
-5.543376666666667,35.884123333333335,2026-08-08T10:31:51Z,5.6,19.0,33.6,232.3,run,OFF,OFF,OFF,OFF,OFF,OFF,OFF
-5.544996666666666,35.88312333333333,2026-08-08T10:33:01Z,5.3,21.6,51.2,231.7,run,OFF,OFF,OFF,OFF,OFF,OFF,OFF
-5.546656666666666,35.88215,2026-08-08T10:34:08Z,5.0,22.7,47.2,229.6,run,OFF,OFF,OFF,OFF,OFF,OFF,OFF
-5.548289999999999,35.881168333333335,2026-08-08T10:35:14Z,5.1,23.0,45.1,228.5,run,OFF,OFF,OFF,OFF,OFF,OFF,OFF
-5.549894999999999,35.880136666666665,2026-08-08T10:36:18Z,5.9,23.2,42.8,228.8,run,OFF,OFF,OFF,OFF,OFF,OFF,OFF
-5.551455000000001,35.879088333333335,2026-08-08T10:37:22Z,5.9,21.3,53.0,230.5,run,OFF,OFF,OFF,OFF,OFF,OFF,OFF
-5.553006666666666,35.87801833333333,2026-08-08T10:38:25Z,5.9,23.1,44.1,227.6,run,OFF,OFF,OFF,OFF,OFF,OFF,OFF
-5.554565,35.876925,2026-08-08T10:39:30Z,6.2,27.2,41.2,229.3,run,OFF,OFF,OFF,OFF,OFF,OFF,OFF
-5.556128333333334,35.875856666666664,2026-08-08T10:40:33Z,5.5,23.0,49.9,236.5,run,OFF,OFF,OFF,OFF,OFF,OFF,OFF
-5.557671666666666,35.87479333333333,2026-08-08T10:41:35Z,4.5,23.3,48.0,222.1,run,OFF,OFF,OFF,OFF,OFF,OFF,OFF
-5.559189999999999,35.873675000000006,2026-08-08T10:42:41Z,5.2,23.0,38.8,230.8,run,OFF,OFF,OFF,OFF,OFF,OFF,OFF
-5.560708333333334,35.87257,2026-08-08T10:43:47Z,5.8,22.9,51.5,230.2,run,OFF,OFF,OFF,OFF,OFF,OFF,OFF
-5.562236666666666,35.871478333333336,2026-08-08T10:44:50Z,5.2,25.5,39.8,228.7,run,OFF,OFF,OFF,OFF,OFF,OFF,OFF
-5.563696666666668,35.87032333333333,2026-08-08T10:45:52Z,5.9,24.0,44.8,228.9,run,OFF,OFF,OFF,OFF,OFF,OFF,OFF
-5.565191666666667,35.86920666666666,2026-08-08T10:46:54Z,5.4,21.6,42.1,228.1,run,OFF,OFF,OFF,OFF,OFF,OFF,OFF
-5.5667083333333345,35.86807666666667,2026-08-08T10:47:54Z,6.3,27.9,40.1,229.7,run,OFF,OFF,OFF,OFF,OFF,OFF,OFF
-5.568148333333333,35.86692166666667,2026-08-08T10:48:53Z,6.7,25.7,41.5,227.0,run,OFF,OFF,OFF,OFF,OFF,OFF,OFF
-5.56968,35.86579666666667,2026-08-08T10:49:57Z,5.8,25.5,38.8,228.8,run,OFF,OFF,OFF,OFF,OFF,OFF,OFF
-5.571081666666667,35.86460666666667,2026-08-08T10:51:01Z,5.2,20.3,40.3,229.0,run,OFF,OFF,OFF,OFF,OFF,OFF,OFF
-5.572586666666666,35.86346833333334,2026-08-08T10:52:06Z,6.3,24.6,43.4,230.0,run,OFF,OFF,OFF,OFF,OFF,OFF,OFF
-5.574008333333334,35.86231333333333,2026-08-08T10:53:08Z,5.4,24.1,40.3,226.9,run,OFF,OFF,OFF,OFF,OFF,OFF,OFF
-5.575633333333333,35.861308333333334,2026-08-08T10:54:09Z,6.0,25.7,42.2,236.4,run,OFF,OFF,OFF,OFF,OFF,OFF,OFF
-5.577258333333333,35.86029,2026-08-08T10:55:11Z,5.7,24.6,49.9,235.9,run,OFF,OFF,OFF,OFF,OFF,OFF,OFF
-5.578883333333333,35.85930333333333,2026-08-08T10:56:17Z,5.3,20.8,33.3,240.4,run,OFF,OFF,OFF,OFF,OFF,OFF,OFF
-5.580656666666666,35.85845333333334,2026-08-08T10:57:26Z,5.0,25.6,45.1,232.8,run,OFF,OFF,OFF,OFF,OFF,OFF,OFF
-5.582395000000001,35.85761,2026-08-08T10:58:30Z,5.2,27.1,37.8,242.1,run,OFF,OFF,OFF,OFF,OFF,OFF,OFF
-5.58411,35.856716666666664,2026-08-08T10:59:35Z,5.1,27.4,47.4,238.9,run,OFF,OFF,OFF,OFF,OFF,OFF,OFF
-5.585811666666666,35.855806666666666,2026-08-08T11:00:39Z,6.1,25.8,43.7,236.3,run,OFF,OFF,OFF,OFF,OFF,OFF,OFF
-5.58753,35.85490333333333,2026-08-08T11:01:43Z,6.1,25.3,45.9,243.4,run,OFF,OFF,OFF,OFF,OFF,OFF,OFF
-5.589255000000001,35.85402833333333,2026-08-08T11:02:51Z,5.0,23.3,40.6,241.6,run,OFF,OFF,OFF,OFF,OFF,OFF,OFF
-5.5910416666666665,35.85323,2026-08-08T11:03:59Z,5.4,25.4,42.3,243.9,run,OFF,OFF,OFF,OFF,OFF,OFF,OFF
-5.592773333333334,35.85239333333333,2026-08-08T11:05:04Z,5.5,25.3,39.1,243.5,run,OFF,OFF,OFF,OFF,OFF,OFF,OFF
-5.594528333333333,35.85156666666667,2026-08-08T11:06:11Z,5.1,24.9,48.7,245.2,run,OFF,OFF,OFF,OFF,OFF,OFF,OFF
-5.596283333333334,35.85071833333333,2026-08-08T11:07:17Z,5.1,26.8,45.7,243.7,run,OFF,OFF,OFF,OFF,OFF,OFF,OFF
-5.59807,35.84995833333333,2026-08-08T11:08:25Z,6.3,24.1,44.1,250.3,run,OFF,OFF,OFF,OFF,OFF,OFF,OFF
-5.599996666666668,35.849360000000004,2026-08-08T11:09:33Z,6.2,24.3,45.1,251.5,run,OFF,OFF,OFF,OFF,OFF,OFF,OFF
-5.6018799999999995,35.848798333333335,2026-08-08T11:10:41Z,5.0,24.4,38.3,255.9,broad reach,OFF,OFF,OFF,OFF,OFF,OFF,OFF
-5.603835,35.84837166666667,2026-08-08T11:11:45Z,5.8,23.3,31.8,253.5,broad reach,OFF,OFF,OFF,OFF,OFF,OFF,OFF
-5.6057983333333326,35.847885,2026-08-08T11:12:48Z,6.3,25.9,32.5,255.4,broad reach,OFF,OFF,OFF,OFF,OFF,OFF,OFF
-5.607771666666667,35.847438333333336,2026-08-08T11:13:50Z,4.8,26.3,54.3,246.0,run,OFF,OFF,OFF,OFF,OFF,OFF,OFF
-5.609671666666666,35.84690166666667,2026-08-08T11:14:55Z,5.9,26.3,51.6,262.0,run,OFF,OFF,OFF,OFF,OFF,OFF,OFF
-5.611646666666667,35.846509999999995,2026-08-08T11:16:02Z,5.0,23.0,50.3,260.3,run,OFF,OFF,OFF,OFF,OFF,OFF,OFF
-5.613628333333333,35.84614666666666,2026-08-08T11:17:11Z,4.7,25.3,40.9,252.1,run,OFF,OFF,OFF,OFF,OFF,OFF,OFF
-5.615608333333334,35.84578666666666,2026-08-08T11:18:21Z,5.3,21.9,48.6,259.3,run,OFF,OFF,OFF,OFF,OFF,OFF,OFF
-5.6175749999999995,35.845463333333335,2026-08-08T11:19:30Z,5.1,24.6,46.3,255.8,run,OFF,OFF,OFF,OFF,OFF,OFF,OFF
-5.619566666666667,35.84518833333333,2026-08-08T11:20:38Z,4.5,26.3,44.6,254.7,broad reach,OFF,OFF,OFF,OFF,OFF,OFF,OFF
-5.621551666666666,35.84492,2026-08-08T11:21:50Z,3.9,24.9,45.5,255.7,run,OFF,OFF,OFF,OFF,OFF,OFF,OFF
-5.623548333333334,35.84463166666667,2026-08-08T11:23:02Z,6.1,22.5,52.6,261.3,run,OFF,OFF,OFF,OFF,OFF,OFF,OFF
-5.625483333333333,35.844285,2026-08-08T11:24:12Z,4.5,24.3,51.9,257.9,run,OFF,OFF,OFF,OFF,OFF,OFF,OFF
-5.627443333333334,35.84384,2026-08-08T11:25:25Z,4.7,25.7,42.2,258.3,broad reach,OFF,OFF,OFF,OFF,OFF,OFF,OFF
-5.629363333333333,35.84336166666667,2026-08-08T11:26:36Z,5.0,23.5,42.8,257.3,broad reach,OFF,OFF,OFF,OFF,OFF,OFF,OFF
-5.631276666666667,35.84285833333333,2026-08-08T11:27:50Z,5.0,19.7,46.4,255.4,run,OFF,OFF,OFF,OFF,OFF,OFF,OFF
-5.633223333333333,35.84236666666666,2026-08-08T11:29:12Z,4.6,19.0,68.8,258.9,run,OFF,OFF,OFF,OFF,OFF,OFF,OFF
-5.635068333333334,35.84178166666666,2026-08-08T11:30:58Z,2.9,10.1,92.6,263.8,broad reach,OFF,OFF,OFF,OFF,OFF,OFF,OFF
-5.636926666666667,35.84225,2026-08-08T11:32:37Z,3.2,17.0,54.3,293.7,beam reach,OFF,OFF,OFF,OFF,OFF,OFF,OFF
-5.638906666666666,35.842455,2026-08-08T11:34:01Z,3.9,16.2,68.0,283.3,broad reach,OFF,OFF,OFF,OFF,OFF,OFF,OFF
-5.6409166666666675,35.84253666666667,2026-08-08T11:35:25Z,4.8,21.9,56.0,271.5,broad reach,OFF,OFF,OFF,OFF,OFF,OFF,OFF
-5.642928333333333,35.842729999999996,2026-08-08T11:36:43Z,4.3,16.6,57.2,288.7,beam reach,OFF,OFF,OFF,OFF,OFF,OFF,OFF
-5.644940000000001,35.84274666666667,2026-08-08T11:37:59Z,5.6,17.4,62.2,266.6,run,OFF,OFF,OFF,OFF,OFF,OFF,OFF
-5.64695,35.84282833333334,2026-08-08T11:39:11Z,5.2,20.1,49.6,276.4,broad reach,OFF,OFF,OFF,OFF,OFF,OFF,OFF
-5.648971666666667,35.84298666666667,2026-08-08T11:40:25Z,5.2,17.6,53.2,273.1,broad reach,OFF,OFF,OFF,OFF,OFF,OFF,OFF
-5.650993333333334,35.84297,2026-08-08T11:41:35Z,4.8,16.5,72.2,268.8,run,OFF,OFF,OFF,OFF,OFF,OFF,OFF
-5.65301,35.842785000000006,2026-08-08T11:42:43Z,5.8,19.0,63.9,266.6,run,OFF,OFF,OFF,OFF,OFF,OFF,OFF
-5.655029999999999,35.84258833333333,2026-08-08T11:43:45Z,6.2,19.0,64.9,267.6,run,OFF,OFF,OFF,OFF,OFF,OFF,OFF
-5.6570599999999995,35.842435,2026-08-08T11:44:53Z,5.2,14.5,67.8,271.6,run,OFF,OFF,OFF,OFF,OFF,OFF,OFF
-5.659075,35.842331666666674,2026-08-08T11:46:07Z,4.3,15.3,65.8,262.4,run,OFF,OFF,OFF,OFF,OFF,OFF,OFF
-5.661108333333334,35.842173333333335,2026-08-08T11:47:26Z,4.8,15.8,65.4,270.1,run,OFF,OFF,OFF,OFF,OFF,OFF,OFF
-5.6631366666666665,35.84216166666667,2026-08-08T11:48:46Z,4.6,17.6,58.1,273.3,broad reach,OFF,OFF,OFF,OFF,OFF,OFF,OFF
-5.665165,35.84212166666667,2026-08-08T11:50:12Z,3.9,15.0,56.3,278.4,broad reach,OFF,OFF,OFF,OFF,OFF,OFF,OFF
-5.667103333333333,35.842578333333336,2026-08-08T11:51:54Z,3.7,15.1,66.5,283.3,broad reach,OFF,OFF,OFF,OFF,OFF,OFF,OFF
-5.669076666666666,35.84295,2026-08-08T11:53:39Z,3.6,8.2,58.5,290.7,beam reach,OFF,OFF,OFF,OFF,OFF,OFF,OFF
-5.670896666666666,35.84363166666667,2026-08-08T11:55:40Z,3.5,15.4,51.7,298.4,beam reach,OFF,OFF,OFF,OFF,OFF,OFF,OFF
-5.672628333333334,35.84445166666667,2026-08-08T11:57:35Z,3.7,11.0,79.9,319.6,beam reach,OFF,OFF,OFF,OFF,OFF,OFF,OFF
-5.674238333333333,35.84542166666667,2026-08-08T11:59:23Z,2.0,14.3,51.3,316.4,beam reach,OFF,OFF,OFF,OFF,OFF,OFF,OFF
-5.676048333333334,35.846090000000004,2026-08-08T12:01:25Z,3.4,14.0,47.2,293.2,beam reach,OFF,OFF,OFF,OFF,OFF,OFF,OFF
-5.6778900000000005,35.84674333333333,2026-08-08T12:03:13Z,3.6,12.7,79.9,299.1,broad reach,OFF,OFF,OFF,OFF,OFF,OFF,OFF
-5.679708333333334,35.84746166666666,2026-08-08T12:04:57Z,3.3,16.4,91.8,287.7,run,OFF,OFF,OFF,OFF,OFF,OFF,OFF
-5.681508333333333,35.8482,2026-08-08T12:06:37Z,2.9,13.4,56.0,297.1,beam reach,OFF,OFF,OFF,OFF,OFF,OFF,OFF
-5.683366666666666,35.84889333333333,2026-08-08T12:08:16Z,4.4,13.0,52.5,289.2,beam reach,OFF,OFF,OFF,OFF,OFF,OFF,OFF
-5.6852133333333335,35.84957,2026-08-08T12:09:40Z,4.3,17.6,55.1,287.6,broad reach,OFF,OFF,OFF,OFF,OFF,OFF,OFF
-5.687036666666668,35.850258333333336,2026-08-08T12:11:08Z,4.7,15.9,76.3,294.5,broad reach,OFF,OFF,OFF,OFF,OFF,OFF,OFF
-5.688855000000001,35.85098,2026-08-08T12:12:25Z,4.9,16.1,58.5,287.9,broad reach,OFF,OFF,OFF,OFF,OFF,OFF,OFF
-5.6907016666666665,35.851686666666666,2026-08-08T12:13:30Z,5.7,21.0,56.5,282.6,broad reach,OFF,OFF,OFF,OFF,OFF,OFF,OFF
-5.692598333333333,35.852245,2026-08-08T12:14:35Z,5.4,19.3,64.2,281.7,broad reach,OFF,OFF,OFF,OFF,OFF,OFF,OFF
-5.694541666666667,35.85258666666667,2026-08-08T12:15:42Z,5.3,22.8,52.7,253.1,run,OFF,OFF,OFF,OFF,OFF,OFF,OFF
-5.696583333333333,35.85252833333333,2026-08-08T12:17:01Z,4.4,18.5,56.0,261.8,run,OFF,OFF,OFF,OFF,OFF,OFF,OFF
-5.69855,35.85261166666667,2026-08-08T12:18:21Z,2.5,17.4,74.1,232.0,run,OFF,OFF,OFF,OFF,OFF,OFF,OFF
-5.700313333333334,35.851866666666666,2026-08-08T12:20:25Z,2.9,14.0,93.4,260.5,broad reach,OFF,OFF,OFF,OFF,OFF,OFF,OFF
-5.7021250000000006,35.851425,2026-08-08T12:22:23Z,1.7,14.7,101.8,231.5,broad reach,OFF,OFF,OFF,OFF,OFF,OFF,OFF
-5.7039133333333325,35.85075166666666,2026-08-08T12:24:26Z,3.6,13.3,97.8,239.6,broad reach,OFF,OFF,OFF,OFF,OFF,OFF,OFF
-5.705718333333334,35.85006166666667,2026-08-08T12:26:39Z,2.9,15.1,88.0,239.2,broad reach,OFF,OFF,OFF,OFF,OFF,OFF,OFF
-5.707506666666665,35.849345,2026-08-08T12:28:45Z,4.1,15.2,91.9,241.1,broad reach,OFF,OFF,OFF,OFF,OFF,OFF,OFF
-5.7092,35.84847166666667,2026-08-08T12:30:32Z,4.1,18.9,84.7,234.0,broad reach,OFF,OFF,OFF,OFF,OFF,OFF,OFF
-5.7104,35.84720333333333,2026-08-08T12:32:11Z,4.5,20.6,76.8,217.4,broad reach,OFF,OFF,OFF,OFF,OFF,OFF,OFF
-5.711798333333333,35.84607666666667,2026-08-08T12:33:33Z,4.1,23.3,70.3,234.4,run,OFF,OFF,OFF,OFF,OFF,OFF,OFF
-5.71332,35.84500166666667,2026-08-08T12:34:53Z,5.2,25.5,53.6,231.6,run,OFF,OFF,OFF,OFF,OFF,OFF,OFF
-5.71484,35.84392166666667,2026-08-08T12:36:05Z,5.5,26.9,67.4,237.0,run,OFF,OFF,OFF,OFF,OFF,OFF,OFF
-5.716295000000001,35.842796666666665,2026-08-08T12:37:10Z,5.4,26.7,77.9,244.5,broad reach,OFF,OFF,OFF,OFF,OFF,OFF,OFF
-5.718055,35.84201666666667,2026-08-08T12:38:21Z,5.8,18.5,61.5,232.3,run,OFF,OFF,OFF,OFF,OFF,OFF,OFF
-5.719598333333333,35.84095,2026-08-08T12:39:33Z,5.1,25.2,77.6,233.0,broad reach,OFF,OFF,OFF,OFF,OFF,OFF,OFF
-5.721216666666667,35.839958333333335,2026-08-08T12:40:57Z,3.9,19.9,82.5,234.4,broad reach,OFF,OFF,OFF,OFF,OFF,OFF,OFF
-5.722840000000001,35.83895666666667,2026-08-08T12:42:23Z,4.3,17.2,81.5,233.4,broad reach,OFF,OFF,OFF,OFF,OFF,OFF,OFF
-5.724458333333333,35.837961666666665,2026-08-08T12:43:49Z,4.4,20.9,76.2,240.2,run,OFF,OFF,OFF,OFF,OFF,OFF,OFF
-5.726181666666667,35.8371,2026-08-08T12:45:12Z,4.2,22.1,94.5,238.0,broad reach,OFF,OFF,OFF,OFF,OFF,OFF,OFF
-5.727935,35.83624,2026-08-08T12:46:33Z,5.2,21.2,72.4,243.8,run,OFF,OFF,OFF,OFF,OFF,OFF,OFF
-5.729666666666667,35.835386666666665,2026-08-08T12:47:54Z,5.5,22.6,61.4,237.0,run,OFF,OFF,OFF,OFF,OFF,OFF,OFF
-5.731376666666667,35.83452166666667,2026-08-08T12:49:14Z,5.2,18.8,77.4,242.9,broad reach,OFF,OFF,OFF,OFF,OFF,OFF,OFF
-5.733124999999999,35.83365833333333,2026-08-08T12:50:33Z,4.8,20.1,68.6,236.4,run,OFF,OFF,OFF,OFF,OFF,OFF,OFF
-5.73488,35.832865,2026-08-08T12:51:56Z,5.6,17.4,64.2,235.9,run,OFF,OFF,OFF,OFF,OFF,OFF,OFF
-5.736668333333334,35.832051666666665,2026-08-08T12:53:17Z,4.3,18.7,62.2,239.1,run,OFF,OFF,OFF,OFF,OFF,OFF,OFF
-5.738468333333333,35.831271666666666,2026-08-08T12:54:40Z,4.5,20.1,71.1,240.1,run,OFF,OFF,OFF,OFF,OFF,OFF,OFF
-5.740311666666666,35.83062833333334,2026-08-08T12:56:06Z,4.2,23.0,91.8,248.9,broad reach,OFF,OFF,OFF,OFF,OFF,OFF,OFF
-5.742258333333332,35.83022666666667,2026-08-08T12:57:40Z,4.1,19.9,64.9,245.1,run,OFF,OFF,OFF,OFF,OFF,OFF,OFF
-5.744138333333332,35.82971,2026-08-08T12:59:10Z,4.5,21.6,70.4,226.2,broad reach,OFF,OFF,OFF,OFF,OFF,OFF,OFF
-5.745863333333333,35.828915,2026-08-08T13:00:44Z,4.5,22.5,77.2,237.4,run,OFF,OFF,OFF,OFF,OFF,OFF,OFF
-5.74762,35.82813833333333,2026-08-08T13:02:13Z,4.1,23.7,59.3,231.9,run,OFF,OFF,OFF,OFF,OFF,OFF,OFF
-5.749255,35.8272,2026-08-08T13:03:41Z,4.8,15.5,68.9,241.8,run,OFF,OFF,OFF,OFF,OFF,OFF,OFF
-5.7509716666666675,35.826325,2026-08-08T13:05:11Z,3.9,19.3,55.9,231.4,run,OFF,OFF,OFF,OFF,OFF,OFF,OFF
-5.752626666666667,35.82541166666667,2026-08-08T13:06:45Z,4.3,21.7,78.6,228.6,broad reach,OFF,OFF,OFF,OFF,OFF,OFF,OFF
-5.7544233333333334,35.82462833333333,2026-08-08T13:08:09Z,4.9,19.4,68.6,236.1,run,OFF,OFF,OFF,OFF,OFF,OFF,OFF
-5.756026666666666,35.823605,2026-08-08T13:09:35Z,3.9,15.4,72.4,229.9,broad reach,OFF,OFF,OFF,OFF,OFF,OFF,OFF
-5.757530000000001,35.82259666666666,2026-08-08T13:10:58Z,4.1,20.1,76.5,209.0,broad reach,OFF,OFF,OFF,OFF,OFF,OFF,OFF
-5.7586200000000005,35.821209999999994,2026-08-08T13:12:15Z,5.3,21.8,73.5,213.4,broad reach,OFF,OFF,OFF,OFF,OFF,OFF,OFF
-5.759856666666667,35.819896666666665,2026-08-08T13:13:25Z,5.7,22.6,66.4,211.7,broad reach,OFF,OFF,OFF,OFF,OFF,OFF,OFF
-5.761115000000001,35.81861,2026-08-08T13:14:29Z,6.0,23.0,60.2,225.6,broad reach,OFF,OFF,OFF,OFF,OFF,OFF,OFF
-5.7626100000000005,35.81746666666666,2026-08-08T13:15:34Z,6.5,23.1,53.3,219.6,run,OFF,OFF,OFF,OFF,OFF,OFF,OFF
-5.7639716666666665,35.81624166666666,2026-08-08T13:16:34Z,6.0,22.4,58.7,218.7,run,OFF,OFF,OFF,OFF,OFF,OFF,OFF
-5.7653316666666665,35.81500333333334,2026-08-08T13:17:34Z,6.3,23.8,57.3,223.0,run,OFF,OFF,OFF,OFF,OFF,OFF,OFF
-5.766711666666667,35.813788333333335,2026-08-08T13:18:32Z,5.9,24.4,53.8,216.6,run,OFF,OFF,OFF,OFF,OFF,OFF,OFF
-5.768058333333332,35.81251833333333,2026-08-08T13:19:30Z,6.2,21.5,56.6,220.6,run,OFF,OFF,OFF,OFF,OFF,OFF,OFF
-5.769428333333334,35.811299999999996,2026-08-08T13:20:29Z,5.6,24.7,53.1,221.8,run,OFF,OFF,OFF,OFF,OFF,OFF,OFF
-5.7707749999999995,35.81006333333333,2026-08-08T13:21:28Z,6.6,19.3,49.2,222.9,run,OFF,OFF,OFF,OFF,OFF,OFF,OFF
-5.772141666666666,35.80882,2026-08-08T13:22:29Z,6.1,20.2,44.1,218.8,run,OFF,OFF,OFF,OFF,OFF,OFF,OFF
-5.773505,35.80759833333333,2026-08-08T13:23:28Z,6.0,25.5,51.8,217.9,run,OFF,OFF,OFF,OFF,OFF,OFF,OFF
-5.774871666666667,35.80634833333333,2026-08-08T13:24:27Z,5.9,16.8,52.6,220.8,run,OFF,OFF,OFF,OFF,OFF,OFF,OFF
-5.776211666666668,35.805103333333335,2026-08-08T13:25:26Z,6.6,23.4,55.4,218.0,run,OFF,OFF,OFF,OFF,OFF,OFF,OFF
-5.777573333333334,35.80384166666667,2026-08-08T13:26:26Z,5.6,21.5,52.5,220.1,run,OFF,OFF,OFF,OFF,OFF,OFF,OFF
-5.7789383333333335,35.80260333333333,2026-08-08T13:27:26Z,6.0,19.5,47.6,218.5,run,OFF,OFF,OFF,OFF,OFF,OFF,OFF
-5.7802500000000006,35.80134666666667,2026-08-08T13:28:25Z,5.9,17.7,44.9,216.4,run,OFF,OFF,OFF,OFF,OFF,OFF,OFF
-5.781580000000001,35.80009,2026-08-08T13:29:24Z,5.9,21.1,44.1,208.2,run,OFF,OFF,OFF,OFF,OFF,OFF,OFF
-5.782633333333333,35.79866833333333,2026-08-08T13:30:24Z,5.9,21.8,46.0,210.2,run,OFF,OFF,OFF,OFF,OFF,OFF,OFF
-5.78374,35.79725833333334,2026-08-08T13:31:24Z,6.3,21.5,46.0,208.7,run,OFF,OFF,OFF,OFF,OFF,OFF,OFF
-5.7848533333333325,35.795878333333334,2026-08-08T13:32:23Z,6.0,16.4,44.4,209.9,run,OFF,OFF,OFF,OFF,OFF,OFF,OFF
-5.785935,35.79446,2026-08-08T13:33:31Z,5.7,17.7,43.9,214.4,run,OFF,OFF,OFF,OFF,OFF,OFF,OFF
-5.786993333333333,35.793054999999995,2026-08-08T13:34:38Z,5.0,19.3,49.4,211.5,run,OFF,OFF,OFF,OFF,OFF,OFF,OFF
-5.788063333333334,35.791630000000005,2026-08-08T13:35:49Z,5.1,19.3,48.6,207.9,run,OFF,OFF,OFF,OFF,OFF,OFF,OFF
-5.7890966666666674,35.790229999999994,2026-08-08T13:37:11Z,3.7,21.6,40.8,205.7,run,OFF,OFF,OFF,OFF,OFF,OFF,OFF
-5.790050000000001,35.78875666666667,2026-08-08T13:38:51Z,3.9,19.2,41.3,207.6,run,OFF,OFF,OFF,OFF,OFF,OFF,OFF
-5.79098,35.787326666666665,2026-08-08T13:40:27Z,4.5,19.5,50.1,211.4,run,OFF,OFF,OFF,OFF,OFF,OFF,OFF
-5.792041666666667,35.785935,2026-08-08T13:41:42Z,5.0,19.5,46.8,211.1,run,OFF,OFF,OFF,OFF,OFF,OFF,OFF
-5.792961666666668,35.784475,2026-08-08T13:43:00Z,4.5,17.6,37.8,213.3,run,OFF,OFF,OFF,OFF,OFF,OFF,OFF
-5.7943566666666655,35.783275,2026-08-08T13:44:17Z,4.7,19.5,36.7,247.1,run,OFF,OFF,OFF,OFF,OFF,OFF,OFF
-5.795594999999999,35.784275,2026-08-08T13:46:05Z,2.3,18.4,47.8,339.2,close-hauled,OFF,OFF,OFF,OFF,OFF,OFF,OFF
-5.797013333333332,35.78436333333333,2026-08-08T13:50:31Z,0.2,16.7,41.5,229.7,run,OFF,OFF,OFF,OFF,OFF,OFF,OFF
-5.7970049999999995,35.784380000000006,2026-08-08T14:04:53Z,0.1,19.2,40.0,232.2,run,OFF,OFF,OFF,OFF,OFF,OFF,OFF
-5.797011666666666,35.78436833333333,2026-08-08T14:19:56Z,0.2,20.9,36.2,232.1,run,OFF,OFF,OFF,OFF,OFF,OFF,OFF
-5.796995,35.78438666666667,2026-08-08T14:46:05Z,0.1,19.7,37.6,231.9,run,OFF,OFF,OFF,OFF,OFF,OFF,OFF
-5.796996666666667,35.78438833333333,2026-08-08T15:36:54Z,0.1,16.4,40.0,231.9,run,OFF,OFF,OFF,OFF,OFF,OFF,OFF
